policy,average_reward,worst_episode_reward,average_stockout_days,average_inventory
Baseline,6993.89,4608.4,4.71,32.40708333333333
Q-Learning,7514.106000000001,5768.200000000002,3.385,28.218249999999998
